tech,votes
github,9930
bootstrap,7380
javascript,7025
jquery,6538
slack,5911
python,5418
nginx,5329
google-analytics,5023
mongodb,3812
redis,3715
sublime-text,3701
sass,2952
atom,2583
digitalocean,2564
django,2535
amazon-ec2,2529
g-suite,2441
go,2219
html5,2168
google-drive,2072
vim,1972
travis-ci,1714
dropbox,1619
npm,1597
firebase,1593
elasticsearch,1546
vagrant,1503
phpstorm,1371
apache-httpd,1348
scala,1321
c-sharp,1241
intellij-idea,1231
virtualbox,1112
jira,1101
github-pages,1066
flask,1033
swift,1007
markdown,967
amazon-cloudfront,934
mandrill,930
bower,927
circleci,907
codenvy,862
stack-overflow,861
visual-studio-code,860
clojure,835
symfony,823
spring,820
amazon-rds-for-mysql,753
emberjs,746
elixir,728
microsoft-azure,718
foundation,709
sentry,703
sendgrid,702
amazon-route-53,680
datadog,676
backbone,674
algolia,660
paypal,639
google-app-engine,608
intercom,581
pingdom,580
ubuntu,551
semantic-ui,547
phoenix-framework,541
rancher,535
parse,530
cplusplus,515
rollbar,492
objective-c,488
kubernetes,479
disqus,466
twilio,465
haproxy,458
memcached,451
play,450
mariadb,448
mixpanel,432
docker-compose,412
sauce-labs,405
google-compute-engine,400
perl,399
netbeans,395
babel,394
sidekiq,393
yeoman,393
browserstack,374
rust,372
pycharm,370
aws-lambda,368
haskell,360
varnish,352
eclipse,348
notepad-plus-plus,344
maven,341
zendesk,333
rubymine,328
amazon-ec2-container-service,323
amazon-ses,312
chef,311
requirejs,306
android-studio,305
zenhub,299
spring-boot,298
pivotal-tracker,296
codeigniter,283
grafana,275
zulip,274
rethinkdb,271
code-climate,270
gitter,269
keen,267
mattermost,263
neo4j,261
bugsnag,247
instabug,245
django-rest-framework,242
wercker,242
erlang,240
logmatic,238
grails,237
drupal,236
emacs,235
aws-elastic-beanstalk,229
celery,227
f-sharp,226
yii,223
terraform,219
pubnub,218
drone-io,218
sailsjs,213
compose,205
rhodecode,204
xcode,204
amazon-cloudwatch,202
koding,200
brackets,199
tomcat,191
pusher,190
sinatra,190
microsoft-iis,188
jekyll,187
prisma-cloud,187
waffle-io,182
confluence,181
kotlin,175
loggly,166
angular-2,163
flowdock,160
groovy,160
dropwizard,159
codacy,155
c,154
auth0,147
amazon-dynamodb,146
clion,145
uservoice,143
shippable,126
couchdb,124
heap,123
neovim,122
tumblr,116
swagger-ui,114
prestashop,112
cakephp,110
rackspace-cloud-servers,107
amazon-sqs,107
solr,105
influxdb,103
logentries,102
snap-ci,100
maxcdn,99
taskulu,99
buffer,99
tornado,98
apiary,97
debian,96
hhvm,95
famous,94
optimizely,94
crystal,93
boot2docker,93
codetree,92
yarn,91
octopus-deploy,91
logstash,91
codeanywhere,89
onesignal,89
netlify,88
braintree,87
google-bigquery,87
amazon-redshift,85
lets-encrypt,83
targetprocess,83
discourse,82
electron,81
amazon-ebs,81
squarespace,80
hapi,78
kong,75
appveyor,75
lumen,74
exo-platform,72
deploybot,71
oracle,71
kissmetrics,70
olark,70
readme-io,70
built-io,69
devise,69
hubspot,67
aws-cloudformation,66
mojolicious,65
opencv,64
apache-cloudstack,63
tower,62
google-kubernetes-engine,62
softlayer,61
recurly,60
huboard,60
google-cloud-storage,59
runscope,59
sendwithus,58
stackify,56
fabric,56
spacemacs,55
couchbase,54
woopra,54
shopify,54
gunicorn,53
aws-elastic-load-balancing,52
tensorflow,52
upsource,51
magento,50
trails,50
sensu,50
qubole,50
bazel,49
respondly,49
amazon-emr,49
stackdriver,48
postmark,48
sketch,48
hadoop,47
testdroid,46
amazon-rds-for-aurora,45
codio,45
statuscake,45
google-cloud-sql,44
box,43
coreos,43
marvel,43
appdynamics,41
cachet,41
socketcluster,40
nexmo,40
kanban-tool,40
nuclide,40
memcachier,39
spree,38
statuspage-io,38
uptime-robot,38
textmate,38
eureka,38
adobe-photoshop,38
amazon-rds-for-postgresql,37
graphite,36
gearman,36
fedora,36
packer,36
appear-in,36
hazelcast,36
ngrok,36
graylog,35
bitrise,35
riak,35
rubocop,35
deployer,34
containerum,34
ora,34
laravel-homestead,33
gitbucket,33
avocode,31
zookeeper,31
jsdelivr,31
raml,31
customer-io,31
pipedrive,30
wakatime,30
zend-framework,30
atatus,28
postgis,28
campaign-monitor,28
convox,27
branch-metrics,27
beta,26
closeheat,26
scout,26
testfairy,26
transloadit,26
revel,25
mailparser-io,25
pelican,25
toggl,25
rackspace-cloud-files,25
activemq,24
hack,24
aerospike,24
cleardb,24
aws-iam,24
kayako,23
telegram-bot-api,23
import-io,23
standup,23
codekit,23
graph-story,23
amazon-api-gateway,23
dyn,23
craft,22
reviewable,22
app-enlight,22
appsignal,22
bitwarden,22
bithound,22
uploadcare,22
uxpin,21
hackerone,20
doctrine2,20
cloudant,20
join-me,19
clicky,19
distelli,19
semantic-ui-react,18
appcelerator,18
scikit-learn,18
magnum-ci,18
opsgenie,18
zenefits,18
joomla,17
read-the-docs,16
hibernate,16
screenhero,16
visual-studio-team-services,16
ironmq,16
scrutinizer,16
pandas,16
codefactor-io,15
mingle,15
cloud-firestore,15
google-cloud-bigtable,15
loader-io,15
ghost-inspector,15
flocker,15
flow,15
miredot,14
etcd,14
pipefy,14
iterable,14
crittercism,14
amazon-athena,14
sane-stack,13
crowdin,13
mailjet,13
passbolt,13
statamic,13
hound,13
logicmonitor,12
gelato-io,12
nodejitsu,12
knex-js,12
cocoa-touch,12
hosted-graphite,12
yesod,12
zube,12
udash,11
marketo,11
vim-plug,11
falcor,11
sqreen,11
okta,11
desk-com,11
codealike,11
hellofax,11
hbase,11
boundary,10
zencoder,10
flynn,10
visual-website-optimizer,10
komodo-ide,10
crisp,10
lighttpd,10
sparkpost,9
google-cloud-messaging,9
parse-server,9
preact,9
capybara,9
db2,9
tinypress,9
linux-mint,9
backand,9
cronofy,9
azure-container-service,8
awless,8
redis-cloud,8
mailtrap,8
istio,8
azure-search,8
citus,8
conceptboard,8
cdnjs,8
status-io,8
impala,8
padrino,8
druid,8
idonethis,8
fullcontact,8
podio,8
webflow,8
apitools,8
scalyr,7
superset,7
blackfire,7
google-sheets,7
apostle-io,7
flink,7
sourcegraph,7
rocket,7
cacti,7
kite,7
sonarqube,7
oni,6
cocoa,6
cloudcheckr,6
hipmob,6
stream,6
coinbase,6
godaddy,6
statsbot,6
unito,6
j2objc,6
memsql,6
sanic,6
kinvey,6
botpress,6
virgil-security,6
virtkick,6
zoom,6
remergr-io,6
scrivito,5
flow-xo,5
styleci,5
fuelphp,5
cloudamqp,5
aircall,5
chaplin,5
kyoto-tycoon,5
blossom,5
treasure-data,5
ruxit,5
componentkit,5
onelogin,5
elephantsql,5
dashbird,5
jitpack,4
launchkit,4
eslint,4
mailtrain,4
close-io,4
blogger,4
centos,4
react-native-firebase,4
appium,4
empire,4
protractor,4
microsoft-bot-framework,4
haiku,4
healthchecks-io,4
wufoo,4
roadmunk,4
microsoft-teams,4
ant,4
biicode,4
mapd,4
monaco-editor,4
pig,4
cell,3
bitnami,3
supernova,3
vapor,3
timescaledb,3
bootswatch,3
azk,3
pagedraw,3
netuitive,3
speedcurve,3
gupshup,3
rrdtool,3
gitsavvy,3
cronitor,3
prepack,3
digitalocean-monitoring,3
copperegg,3
heroku-ci,3
digitalocean-block-storage,2
bip-io,2
chatfuel,2
deis-workflow,2
aviary,2
vagrant-cloud,2
chatlio,2
kemal,2
vero,2
vim-pathogen,2
digitalocean-spaces,2
lob,2
wepay,2
pachyderm,2
front,2
aerobatic,2
vigil,2
spacevim,2
stashboard,2
chartmogul,2
cloudbees,2
sendy,2
moltin,2
meistertask,2
botkit,1
envoyer,1
clojurescript,1
faas,1
webengage,1
pushtable,1
vuestrap,1
visualops,1
wintersmith,1
livechat,1
duo,1
api-ai,1
apex-ping,1
oh-dear,1
clickfunnels,1
anyroom,1
filestack,1
amazon-quicksight,1
linkurious,1
flood-io,1
layervault,1
stackato,1
hub,1
koa,1
forge,1
zeplin,1
pantheon,1
kuoll,1
qualaroo,1
smooch,1
motion-ai,1
slite,1
bootstrap-build,1
comet-ml,1
compass-for-github,1
conan,1
rxdb,1
issue-sh,1
screwdriver,1
kudu,1
botsify,1
tableplus,1
bottr,1
insight-io-for-github,1
travisbuddy,1
nicereply,1
graphcms,1
review-board,1
dancer,1
restdb-io,1
bugmuncher,1
redisgreen,1
monkeylearn,1
detectify,1
searchify,1
numpy,1
astral,1
supergiant,1
messenger-platform,1
dchq,1
yammer,0
showdown,0
